<ImportExportXml xmlns:xsi="http://www.w3.org/2001/XMLSchema-instance">
  <Entities></Entities>
  <Roles></Roles>
  <Workflows>
    <Workflow WorkflowId="{bfa2fa1b-7916-414b-867e-95cacffeb997}" Name="Copy Price List">
      <XamlFileName>/Workflows/CopyPriceList-BFA2FA1B-7916-414B-867E-95CACFFEB997.xaml</XamlFileName>
      <Type>1</Type>
      <Subprocess>0</Subprocess>
      <Category>1</Category>
      <Mode>0</Mode>
      <LanguageCode>1033</LanguageCode>
      <Scope>4</Scope>
      <OnDemand>1</OnDemand>
      <TriggerOnCreate>0</TriggerOnCreate>
      <TriggerOnDelete>0</TriggerOnDelete>
      <AsyncAutodelete>0</AsyncAutodelete>
      <SyncWorkflowLogOnFailure>0</SyncWorkflowLogOnFailure>
      <StateCode>1</StateCode>
      <StatusCode>2</StatusCode>
      <RunAs>1</RunAs>
      <IsTransacted>1</IsTransacted>
      <IntroducedVersion>1.0.0.0</IntroducedVersion>
      <IsCustomizable>1</IsCustomizable>
      <PrimaryEntity>PriceLevel</PrimaryEntity>
    </Workflow>
  </Workflows>
  <FieldSecurityProfiles></FieldSecurityProfiles>
  <Templates />
  <EntityMaps />
  <EntityRelationships />
  <OrganizationSettings />
  <optionsets />
  <SolutionPluginAssemblies>
    <PluginAssembly FullName="CRMFortress.CopyPriceList, Version=1.0.0.0, Culture=neutral, PublicKeyToken=510fb23bcecf4419" CustomizationLevel="1">
      <IsolationMode>2</IsolationMode>
      <SourceType>0</SourceType>
      <IntroducedVersion>1.0</IntroducedVersion>
      <FileName>/PluginAssemblies/CRMFortressCopyPriceList-C0C46D60-9D87-4EC6-AD70-4763B9CF4776/CRMFortressCopyPriceList.dll</FileName>
      <PluginTypes>
        <PluginType AssemblyQualifiedName="CRMFortress.CopyPriceList.CopyPriceListWorkflow, CRMFortress.CopyPriceList, Version=1.0.0.0, Culture=neutral, PublicKeyToken=510fb23bcecf4419" Name="CRMFortress.CopyPriceList.CopyPriceListWorkflow">
          <FriendlyName>ea7950f1-05c5-4f8b-98c6-00fee172c263</FriendlyName>
          <WorkflowActivityGroupName>CRMFortress.CopyPriceList (1.0.0.0)</WorkflowActivityGroupName>
        </PluginType>
      </PluginTypes>
    </PluginAssembly>
  </SolutionPluginAssemblies>
  <Languages>
    <Language>1033</Language>
  </Languages>
</ImportExportXml>